link,name,imageUrl,icon_path
https://dermnetnz.org/topics/acne-affecting-the-back-images/?stage=Live,Acne affecting the back images,https://dermnetnz.org/assets/manualthumbnails/acne/acne-back/preview/141__FocusFillWzE1MCwxMTAsInkiLDFd.jpg,icons/141__FocusFillWzE1MCwxMTAsInkiLDFd.jpg
https://dermnetnz.org/topics/acne-face-images/?stage=Live,Acne affecting the face images,https://dermnetnz.org/assets/Uploads/Screen-Shot-2018-01-25-at-8__FocusFillWzE1MCwxMTAsIngiLDFd.28.37-PM.png,icons/Screen-Shot-2018-01-25-at-8__FocusFillWzE1MCwxMTAsIngiLDFd.28.37-PM.png
https://dermnetnz.org/image-catalogue/acne-and-other-follicular-disorder-images/?stage=Live,Acne and other follicular disorder images,https://dermnetnz.org/assets/Uploads/ocular-rosacea-s__FocusFillWzE1MCwxMTAsInkiLDFd.jpg,icons/ocular-rosacea-s__FocusFillWzE1MCwxMTAsInkiLDFd.jpg
https://dermnetnz.org/topics/acquired-dermal-macular-hyperpigmentation-images/?stage=Live,Acquired dermal macular hyperpigmentation images,https://dermnetnz.org/assets/Uploads/scaly/lp-pigmentosus1__FocusFillWzE1MCwxMTAsInkiLDFd.jpg,icons/lp-pigmentosus1__FocusFillWzE1MCwxMTAsInkiLDFd.jpg
https://dermnetnz.org/topics/acral-lentiginous-melanoma-images/?stage=Live,Acral lentiginous melanoma images,https://dermnetnz.org/assets/Uploads/20160516-165503__FocusFillWzE1MCwxMTAsInkiLDFd.JPG,icons/20160516-165503__FocusFillWzE1MCwxMTAsInkiLDFd.JPG
https://dermnetnz.org/topics/actinic-keratosis-face-images/?stage=Live,Actinic keratosis affecting the face images,https://dermnetnz.org/assets/Uploads/248__FocusFillWzE1MCwxMTAsInkiLDFd.jpg,icons/248__FocusFillWzE1MCwxMTAsInkiLDFd.jpg
https://dermnetnz.org/topics/actinic-keratosis-affecting-the-hand-images/?stage=Live,Actinic keratosis affecting the hand images,https://dermnetnz.org/assets/Uploads/393__FocusFillWzE1MCwxMTAsInkiLDFd.jpg,icons/393__FocusFillWzE1MCwxMTAsInkiLDFd.jpg
https://dermnetnz.org/topics/actinic-keratosis-leg-and-foot-images/?stage=Live,Actinic keratosis affecting the legs and feet images,https://dermnetnz.org/assets/Uploads/478__FocusFillWzE1MCwxMTAsInkiLDFd.jpg,icons/478__FocusFillWzE1MCwxMTAsInkiLDFd.jpg
https://dermnetnz.org/topics/actinic-keratosis-scalp-images/?stage=Live,Actinic keratosis affecting the scalp images,https://dermnetnz.org/assets/Uploads/418__FocusFillWzE1MCwxMTAsInkiLDFd.jpg,icons/418__FocusFillWzE1MCwxMTAsInkiLDFd.jpg
https://dermnetnz.org/topics/actinic-keratosis-dermoscopy-images/?stage=Live,Actinic keratosis dermoscopy images,https://dermnetnz.org/assets/Uploads/lesions/ak-face/actinic-keratosis-dermoscopy9__FocusFillWzE1MCwxMTAsInkiLDFd.jpg,icons/actinic-keratosis-dermoscopy9__FocusFillWzE1MCwxMTAsInkiLDFd.jpg
https://dermnetnz.org/topics/actinic-keratosis-on-the-nose-images/?stage=Live,Actinic keratosis on the nose images,https://dermnetnz.org/assets/Uploads/sks-nose3-s__FocusFillWzE1MCwxMTAsInkiLDFd.jpg,icons/sks-nose3-s__FocusFillWzE1MCwxMTAsInkiLDFd.jpg
https://dermnetnz.org/topics/actinic-keratosis-imiquimod-images/?stage=Live,Actinic keratosis treated with imiquimod images,https://dermnetnz.org/assets/Uploads/3723__FocusFillWzE1MCwxMTAsInkiLDFd.jpg,icons/3723__FocusFillWzE1MCwxMTAsInkiLDFd.jpg
https://dermnetnz.org/topics/adalimumab-images/?stage=Live,Adalimumab images,https://dermnetnz.org/assets/Uploads/adalimumab3-s__FocusFillWzE1MCwxMTAsInkiLDFd.jpg,icons/adalimumab3-s__FocusFillWzE1MCwxMTAsInkiLDFd.jpg
https://dermnetnz.org/images/alopecia-areata-images/?stage=Live,Alopecia areata images,https://dermnetnz.org/assets/Uploads/1323__FocusFillWzE1MCwxMTAsInkiLDIzXQ.jpg,icons/1323__FocusFillWzE1MCwxMTAsInkiLDIzXQ.jpg
https://dermnetnz.org/images/amelanotic-melanoma-images/?stage=Live,Amelanotic melanoma images,https://dermnetnz.org/assets/Uploads/12a-amelanotic-melanoma__FocusFillWzE1MCwxMTAsInkiLDFd.jpg,icons/12a-amelanotic-melanoma__FocusFillWzE1MCwxMTAsInkiLDFd.jpg
https://dermnetnz.org/topics/anal-cancer-images/?stage=Live,Anal cancer images,https://dermnetnz.org/assets/Uploads/ain-1-s-1__FocusFillWzE1MCwxMTAsInkiLDEzXQ.jpg,icons/ain-1-s-1__FocusFillWzE1MCwxMTAsInkiLDEzXQ.jpg
https://dermnetnz.org/topics/angiofibromas-images/?stage=Live,Angiofibromas images,https://dermnetnz.org/assets/Uploads/angiofibromas-19-s__FocusFillWzE1MCwxMTAsInkiLDFd.jpg,icons/angiofibromas-19-s__FocusFillWzE1MCwxMTAsInkiLDFd.jpg
https://dermnetnz.org/topics/angiokeratoma-images/?stage=Live,Angiokeratomas images,https://dermnetnz.org/assets/Uploads/angiokeratoma-2__FocusFillWzE1MCwxMTAsInkiLDFd.JPG,icons/angiokeratoma-2__FocusFillWzE1MCwxMTAsInkiLDFd.JPG
https://dermnetnz.org/images/angular-cheilitis-images/?stage=Live,Angular cheilitis images,https://dermnetnz.org/assets/Uploads/perleche13-s__FocusFillWzE1MCwxMTAsInkiLDFd.jpg,icons/perleche13-s__FocusFillWzE1MCwxMTAsInkiLDFd.jpg
https://dermnetnz.org/image-catalogue/insect-mite-and-worm-bite-images/?stage=Live,Arthropod bites images,https://dermnetnz.org/assets/Uploads/leishmaniasis2__FocusFillWzE1MCwxMTAsInkiLDFd.jpg,icons/leishmaniasis2__FocusFillWzE1MCwxMTAsInkiLDFd.jpg
https://dermnetnz.org/images/atopic-dermatitis-images/?stage=Live,Atopic dermatitis images,https://dermnetnz.org/assets/Uploads/atopic26-s__FocusFillWzE1MCwxMTAsInkiLDFd.jpg,icons/atopic26-s__FocusFillWzE1MCwxMTAsInkiLDFd.jpg
https://dermnetnz.org/images/atopic-dermatitis-images/?stage=Live,Atopic eczema images,https://dermnetnz.org/assets/Uploads/atopic26-s__FocusFillWzE1MCwxMTAsInkiLDFd.jpg,icons/atopic26-s__FocusFillWzE1MCwxMTAsInkiLDFd.jpg
https://dermnetnz.org/topics/atopic-flexural-eczema-images/?stage=Live,Atopic flexural eczema images,https://dermnetnz.org/assets/Uploads/flexural-eczema10-s__FocusFillWzE1MCwxMTAsInkiLDBd.jpg,icons/flexural-eczema10-s__FocusFillWzE1MCwxMTAsInkiLDBd.jpg
https://dermnetnz.org/topics/atypical-naevus-images/?stage=Live,Atypical melanocytic naevus,https://dermnetnz.org/assets/Uploads/604__FocusFillWzE1MCwxMTAsInkiLDFd.jpg,icons/604__FocusFillWzE1MCwxMTAsInkiLDFd.jpg
https://dermnetnz.org/topics/atypical-mycobacterial-infection-images/?stage=Live,Atypical mycobacterial infection images,https://dermnetnz.org/assets/Uploads/m-marinum-2-s__FocusFillWzE1MCwxMTAsInkiLDFd.jpg,icons/m-marinum-2-s__FocusFillWzE1MCwxMTAsInkiLDFd.jpg
https://dermnetnz.org/topics/atypical-naevus-images/?stage=Live,Atypical naevus images,https://dermnetnz.org/assets/Uploads/604__FocusFillWzE1MCwxMTAsInkiLDFd.jpg,icons/604__FocusFillWzE1MCwxMTAsInkiLDFd.jpg
https://dermnetnz.org/images/alopecia-areata-images/?stage=Live,Autoimmune alopecia images,https://dermnetnz.org/assets/Uploads/1323__FocusFillWzE1MCwxMTAsInkiLDIzXQ.jpg,icons/1323__FocusFillWzE1MCwxMTAsInkiLDIzXQ.jpg
https://dermnetnz.org/topics/atypical-naevus-images/?stage=Live,B-K mole images,https://dermnetnz.org/assets/Uploads/604__FocusFillWzE1MCwxMTAsInkiLDFd.jpg,icons/604__FocusFillWzE1MCwxMTAsInkiLDFd.jpg
https://dermnetnz.org/topics/basal-cell-carcinoma-affecting-the-ear-images/?stage=Live,BCC affecting the ear images,https://dermnetnz.org/assets/Uploads/0692__FocusFillWzE1MCwxMTAsInkiLDFd.jpg,icons/0692__FocusFillWzE1MCwxMTAsInkiLDFd.jpg
https://dermnetnz.org/topics/basal-cell-carcinoma-affecting-the-eyelid-images/?stage=Live,BCC affecting the eyelid images,https://dermnetnz.org/assets/Uploads/0633__FocusFillWzE1MCwxMTAsInkiLDIwXQ.jpg,icons/0633__FocusFillWzE1MCwxMTAsInkiLDIwXQ.jpg
https://dermnetnz.org/topics/basal-cell-carcinoma-affecting-the-face-images/?stage=Live,BCC affecting the face images,https://dermnetnz.org/assets/Uploads/0616__FocusFillWzE1MCwxMTAsInkiLDIwXQ.jpg,icons/0616__FocusFillWzE1MCwxMTAsInkiLDIwXQ.jpg
https://dermnetnz.org/topics/basal-cell-carcinoma-affecting-the-nose-images/?stage=Live,BCC affecting the nose images,https://dermnetnz.org/assets/Uploads/0629__FocusFillWzE1MCwxMTAsInkiLDIwXQ.jpg,icons/0629__FocusFillWzE1MCwxMTAsInkiLDIwXQ.jpg
https://dermnetnz.org/topics/basal-cell-carcinoma-affecting-the-trunk-images/?stage=Live,BCC affecting the trunk images,https://dermnetnz.org/assets/Uploads/0653__FocusFillWzE1MCwxMTAsInkiLDFd.jpg,icons/0653__FocusFillWzE1MCwxMTAsInkiLDFd.jpg
https://dermnetnz.org/image-catalogue/bacterial-skin-infection-images/?stage=Live,Bacteria images,https://dermnetnz.org/assets/Uploads/syph6-s-2__FocusFillWzE1MCwxMTAsInkiLDFd.jpg,icons/syph6-s-2__FocusFillWzE1MCwxMTAsInkiLDFd.jpg
https://dermnetnz.org/image-catalogue/bacterial-skin-infection-images/?stage=Live,Bacterial skin infection images,https://dermnetnz.org/assets/Uploads/syph6-s-2__FocusFillWzE1MCwxMTAsInkiLDFd.jpg,icons/syph6-s-2__FocusFillWzE1MCwxMTAsInkiLDFd.jpg
https://dermnetnz.org/topics/balanitis-images/?stage=Live,Balanitis images,https://dermnetnz.org/assets/Uploads/balanitis4-s-1__FocusFillWzE1MCwxMTAsInkiLDIzXQ.jpg,icons/balanitis4-s-1__FocusFillWzE1MCwxMTAsInkiLDIzXQ.jpg
https://dermnetnz.org/topics/basal-cell-carcinoma-affecting-the-ear-images/?stage=Live,Basal cell carcinoma affecting the ear images,https://dermnetnz.org/assets/Uploads/0692__FocusFillWzE1MCwxMTAsInkiLDFd.jpg,icons/0692__FocusFillWzE1MCwxMTAsInkiLDFd.jpg
https://dermnetnz.org/topics/basal-cell-carcinoma-affecting-the-eyelid-images/?stage=Live,Basal cell carcinoma affecting the eyelid images,https://dermnetnz.org/assets/Uploads/0633__FocusFillWzE1MCwxMTAsInkiLDIwXQ.jpg,icons/0633__FocusFillWzE1MCwxMTAsInkiLDIwXQ.jpg
https://dermnetnz.org/topics/basal-cell-carcinoma-affecting-the-face-images/?stage=Live,Basal cell carcinoma affecting the face images,https://dermnetnz.org/assets/Uploads/0616__FocusFillWzE1MCwxMTAsInkiLDIwXQ.jpg,icons/0616__FocusFillWzE1MCwxMTAsInkiLDIwXQ.jpg
https://dermnetnz.org/topics/basal-cell-carcinoma-affecting-the-nose-images/?stage=Live,Basal cell carcinoma affecting the nose images,https://dermnetnz.org/assets/Uploads/0629__FocusFillWzE1MCwxMTAsInkiLDIwXQ.jpg,icons/0629__FocusFillWzE1MCwxMTAsInkiLDIwXQ.jpg
https://dermnetnz.org/topics/basal-cell-carcinoma-affecting-the-trunk-images/?stage=Live,Basal cell carcinoma affecting the trunk images,https://dermnetnz.org/assets/Uploads/0653__FocusFillWzE1MCwxMTAsInkiLDFd.jpg,icons/0653__FocusFillWzE1MCwxMTAsInkiLDFd.jpg
https://dermnetnz.org/topics/basal-cell-carcinoma-affecting-the-ear-images/?stage=Live,Basal cell epithelioma affecting the ear images,https://dermnetnz.org/assets/Uploads/0692__FocusFillWzE1MCwxMTAsInkiLDFd.jpg,icons/0692__FocusFillWzE1MCwxMTAsInkiLDFd.jpg
https://dermnetnz.org/topics/basal-cell-carcinoma-affecting-the-eyelid-images/?stage=Live,Basal cell epithelioma affecting the eyelid images,https://dermnetnz.org/assets/Uploads/0633__FocusFillWzE1MCwxMTAsInkiLDIwXQ.jpg,icons/0633__FocusFillWzE1MCwxMTAsInkiLDIwXQ.jpg
https://dermnetnz.org/topics/basal-cell-carcinoma-affecting-the-face-images/?stage=Live,Basal cell epithelioma affecting the face images,https://dermnetnz.org/assets/Uploads/0616__FocusFillWzE1MCwxMTAsInkiLDIwXQ.jpg,icons/0616__FocusFillWzE1MCwxMTAsInkiLDIwXQ.jpg
https://dermnetnz.org/topics/basal-cell-carcinoma-affecting-the-nose-images/?stage=Live,Basal cell epithelioma affecting the nose images,https://dermnetnz.org/assets/Uploads/0629__FocusFillWzE1MCwxMTAsInkiLDIwXQ.jpg,icons/0629__FocusFillWzE1MCwxMTAsInkiLDIwXQ.jpg
https://dermnetnz.org/topics/basal-cell-carcinoma-affecting-the-trunk-images/?stage=Live,Basal cell epithelioma affecting the trunk images,https://dermnetnz.org/assets/Uploads/0653__FocusFillWzE1MCwxMTAsInkiLDFd.jpg,icons/0653__FocusFillWzE1MCwxMTAsInkiLDFd.jpg
https://dermnetnz.org/topics/basal-cell-carcinoma-affecting-the-ear-images/?stage=Live,Basalioma affecting the ear images,https://dermnetnz.org/assets/Uploads/0692__FocusFillWzE1MCwxMTAsInkiLDFd.jpg,icons/0692__FocusFillWzE1MCwxMTAsInkiLDFd.jpg
https://dermnetnz.org/topics/basal-cell-carcinoma-affecting-the-eyelid-images/?stage=Live,Basalioma affecting the eyelid images,https://dermnetnz.org/assets/Uploads/0633__FocusFillWzE1MCwxMTAsInkiLDIwXQ.jpg,icons/0633__FocusFillWzE1MCwxMTAsInkiLDIwXQ.jpg
https://dermnetnz.org/topics/basal-cell-carcinoma-affecting-the-face-images/?stage=Live,Basalioma affecting the face images,https://dermnetnz.org/assets/Uploads/0616__FocusFillWzE1MCwxMTAsInkiLDIwXQ.jpg,icons/0616__FocusFillWzE1MCwxMTAsInkiLDIwXQ.jpg
https://dermnetnz.org/topics/basal-cell-carcinoma-affecting-the-nose-images/?stage=Live,Basalioma affecting the nose images,https://dermnetnz.org/assets/Uploads/0629__FocusFillWzE1MCwxMTAsInkiLDIwXQ.jpg,icons/0629__FocusFillWzE1MCwxMTAsInkiLDIwXQ.jpg
https://dermnetnz.org/topics/basal-cell-carcinoma-affecting-the-trunk-images/?stage=Live,Basalioma affecting the trunk images,https://dermnetnz.org/assets/Uploads/0653__FocusFillWzE1MCwxMTAsInkiLDFd.jpg,icons/0653__FocusFillWzE1MCwxMTAsInkiLDFd.jpg
https://dermnetnz.org/images/behcet-disease-images/?stage=Live,Behcet disease images,https://dermnetnz.org/assets/collection/Behcet-disease/behcet-disease-00033__FocusFillWzE1MCwxMTAsInkiLDFd.jpg,icons/behcet-disease-00033__FocusFillWzE1MCwxMTAsInkiLDFd.jpg
https://dermnetnz.org/images/atopic-dermatitis-images/?stage=Live,Besnier prurigo images,https://dermnetnz.org/assets/Uploads/atopic26-s__FocusFillWzE1MCwxMTAsInkiLDFd.jpg,icons/atopic26-s__FocusFillWzE1MCwxMTAsInkiLDFd.jpg
https://dermnetnz.org/topics/bowenoid-papulosis-images/?stage=Live,Bowenoid papulosis images,https://dermnetnz.org/assets/Uploads/bp2__FocusFillWzE1MCwxMTAsIngiLDIzXQ.jpg,icons/bp2__FocusFillWzE1MCwxMTAsIngiLDIzXQ.jpg
https://dermnetnz.org/topics/bullous-pemphigoid-images/?stage=Live,Bullous pemphigoid images,https://dermnetnz.org/assets/Uploads/3362__FocusFillWzE1MCwxMTAsInkiLDIwXQ.jpg,icons/3362__FocusFillWzE1MCwxMTAsInkiLDIwXQ.jpg
https://dermnetnz.org/topics/covid-19-images/?stage=Live,COVID-19 images,https://dermnetnz.org/assets/Uploads/covid-8__FocusFillWzE1MCwxMTAsInkiLDFd.JPG,icons/covid-8__FocusFillWzE1MCwxMTAsInkiLDFd.JPG
https://dermnetnz.org/topics/candida-affecting-the-lips-mouth-and-face-images/?stage=Live,"Candida affecting the lips, mouth and face images",https://dermnetnz.org/assets/Uploads/1282-big2__FocusFillWzE1MCwxMTAsInkiLDFd.jpg,icons/1282-big2__FocusFillWzE1MCwxMTAsInkiLDFd.jpg
https://dermnetnz.org/topics/candida-albicans-affecting-the-nail-images/?stage=Live,Candida albicans affecting the nail images,https://dermnetnz.org/assets/Uploads/1272__FocusFillWzE1MCwxMTAsInkiLDFd.jpg,icons/1272__FocusFillWzE1MCwxMTAsInkiLDFd.jpg
https://dermnetnz.org/topics/candida-intertrigo-images/?stage=Live,Candida intertrigo images,https://dermnetnz.org/assets/Uploads/1292__FocusFillWzE1MCwxMTAsInkiLDFd.jpg,icons/1292__FocusFillWzE1MCwxMTAsInkiLDFd.jpg
https://dermnetnz.org/topics/candida-vulvovaginitis-images/?stage=Live,Candida vulvovaginitis images,https://dermnetnz.org/assets/Uploads/1265-small2__FocusFillWzE1MCwxMTAsInkiLDYzXQ.jpg,icons/1265-small2__FocusFillWzE1MCwxMTAsInkiLDYzXQ.jpg
https://dermnetnz.org/topics/candida-affecting-the-lips-mouth-and-face-images/?stage=Live,"Candidiasis affecting the lips, mouth and face images",https://dermnetnz.org/assets/Uploads/1282-big2__FocusFillWzE1MCwxMTAsInkiLDFd.jpg,icons/1282-big2__FocusFillWzE1MCwxMTAsInkiLDFd.jpg
https://dermnetnz.org/topics/candida-affecting-the-lips-mouth-and-face-images/?stage=Live,"Candidosis affecting the lips, mouth and face images",https://dermnetnz.org/assets/Uploads/1282-big2__FocusFillWzE1MCwxMTAsInkiLDFd.jpg,icons/1282-big2__FocusFillWzE1MCwxMTAsInkiLDFd.jpg
https://dermnetnz.org/topics/capillaritis-images/?stage=Live,Capillaritis images,https://dermnetnz.org/assets/Uploads/2509__FocusFillWzE1MCwxMTAsIngiLDdd.jpg,icons/2509__FocusFillWzE1MCwxMTAsIngiLDdd.jpg
https://dermnetnz.org/topics/cherry-angioma-images/?stage=Live,Cherry angioma images,https://dermnetnz.org/assets/Uploads/1317__FocusFillWzE1MCwxMTAsInkiLDFd.jpg,icons/1317__FocusFillWzE1MCwxMTAsInkiLDFd.jpg
https://dermnetnz.org/topics/chronic-plaque-psoriasis-images/?stage=Live,Chronic plaque psoriasis images,https://dermnetnz.org/assets/Uploads/dscn5640__FocusFillWzE1MCwxMTAsInkiLDFd.jpg,icons/dscn5640__FocusFillWzE1MCwxMTAsInkiLDFd.jpg
https://dermnetnz.org/topics/atypical-naevus-images/?stage=Live,Clark nevus images,https://dermnetnz.org/assets/Uploads/604__FocusFillWzE1MCwxMTAsInkiLDFd.jpg,icons/604__FocusFillWzE1MCwxMTAsInkiLDFd.jpg
https://dermnetnz.org/topics/corn-clavus-images/?stage=Live,Clavus images,https://dermnetnz.org/assets/Uploads/clavus11-s2__FocusFillWzE1MCwxMTAsInkiLDFd.jpg,icons/clavus11-s2__FocusFillWzE1MCwxMTAsInkiLDFd.jpg
https://dermnetnz.org/topics/conditions-affecting-the-ear-images/?stage=Live,Conditions affecting the ear images,https://dermnetnz.org/assets/Uploads/keloid__FocusFillWzE1MCwxMTAsInkiLDBd.jpg,icons/keloid__FocusFillWzE1MCwxMTAsInkiLDBd.jpg
https://dermnetnz.org/topics/contact-allergic-dermatitis-of-the-arm-and-leg-images/?stage=Live,Contact allergic dermatitis of the arm and leg images,https://dermnetnz.org/assets/Uploads/2452__FocusFillWzE1MCwxMTAsInkiLDIwXQ.jpg,icons/2452__FocusFillWzE1MCwxMTAsInkiLDIwXQ.jpg
https://dermnetnz.org/topics/contact-allergic-dermatitis-of-the-face-images/?stage=Live,Contact allergic dermatitis of the face images,https://dermnetnz.org/assets/Uploads/2443__FocusFillWzE1MCwxMTAsInkiLDIwXQ.jpg,icons/2443__FocusFillWzE1MCwxMTAsInkiLDIwXQ.jpg
https://dermnetnz.org/topics/contact-allergic-dermatitis-of-the-hand-images/?stage=Live,Contact allergic dermatitis of the hand images,https://dermnetnz.org/assets/Uploads/eczalllehma__FocusFillWzE1MCwxMTAsInkiLDIwXQ.jpg,icons/eczalllehma__FocusFillWzE1MCwxMTAsInkiLDIwXQ.jpg
https://dermnetnz.org/topics/contact-allergic-dermatitis-of-the-torso-images/?stage=Live,Contact allergic dermatitis of the torso images,https://dermnetnz.org/assets/Uploads/2484__FocusFillWzE1MCwxMTAsInkiLDIwXQ.jpg,icons/2484__FocusFillWzE1MCwxMTAsInkiLDIwXQ.jpg
https://dermnetnz.org/topics/contact-irritant-dermatitis-images/?stage=Live,Contact irritant dermatitis images,https://dermnetnz.org/assets/Uploads/2512__FocusFillWzE1MCwxMTAsInkiLDFd.jpg,icons/2512__FocusFillWzE1MCwxMTAsInkiLDFd.jpg
https://dermnetnz.org/topics/corn-clavus-images/?stage=Live,Corn images,https://dermnetnz.org/assets/Uploads/clavus11-s__FocusFillWzE1MCwxMTAsInkiLDFd.jpg,icons/clavus11-s__FocusFillWzE1MCwxMTAsInkiLDFd.jpg
https://dermnetnz.org/topics/cutaneous-horn-images/?stage=Live,Cutaneous horn images,https://dermnetnz.org/assets/Uploads/horn-03-s-1__FocusFillWzE1MCwxMTAsInkiLDFd.jpg,icons/horn-03-s-1__FocusFillWzE1MCwxMTAsInkiLDFd.jpg
https://dermnetnz.org/topics/cutaneous-lupus-erythematosus-images/?stage=Live,Cutaneous lupus erythematosus images,https://dermnetnz.org/assets/Uploads/lupus-facial-s__FocusFillWzE1MCwxMTAsInkiLDFd.jpg,icons/lupus-facial-s__FocusFillWzE1MCwxMTAsInkiLDFd.jpg
https://dermnetnz.org/topics/cutaneous-tuberculosis-images/?stage=Live,Cutaneous tuberculosis images,https://dermnetnz.org/assets/Uploads/papulonecrotic-tb1-s__FocusFillWzE1MCwxMTAsInkiLDFd.jpg,icons/papulonecrotic-tb1-s__FocusFillWzE1MCwxMTAsInkiLDFd.jpg
https://dermnetnz.org/?stage=Live,Cysts affecting the vulval area images,https://dermnetnz.org/assets/Uploads/2617-1__FocusFillWzE1MCwxMTAsInkiLDE2XQ.jpg,icons/2617-1__FocusFillWzE1MCwxMTAsInkiLDE2XQ.jpg
https://dermnetnz.org/image-catalogue/deep-dermal-disorder-images/?stage=Live,Deep dermal disorder images,https://dermnetnz.org/assets/Uploads/lymphoma1-s__FocusFillWzE1MCwxMTAsInkiLDFd.jpg,icons/lymphoma1-s__FocusFillWzE1MCwxMTAsInkiLDFd.jpg
https://dermnetnz.org/images/atopic-dermatitis-images/?stage=Live,Dermatitis images,https://dermnetnz.org/assets/Uploads/atopic26-s__FocusFillWzE1MCwxMTAsInkiLDFd.jpg,icons/atopic26-s__FocusFillWzE1MCwxMTAsInkiLDFd.jpg
https://dermnetnz.org/topics/dermatofibroma-images/?stage=Live,Dermatofibroma images,https://dermnetnz.org/assets/Uploads/2400__FocusFillWzE1MCwxMTAsInkiLDFd.jpg,icons/2400__FocusFillWzE1MCwxMTAsInkiLDFd.jpg
https://dermnetnz.org/topics/dermatomyositis-images/?stage=Live,Dermatomyositis images,https://dermnetnz.org/assets/Uploads/dermatomyositis-eyelids-4__FocusFillWzE1MCwxMTAsIngiLDhd.jpg,icons/dermatomyositis-eyelids-4__FocusFillWzE1MCwxMTAsIngiLDhd.jpg
https://dermnetnz.org/topics/dermographism-images/?stage=Live,Dermographism images,https://dermnetnz.org/assets/Uploads/dermographism04-s__FocusFillWzE1MCwxMTAsInkiLDFd.jpg,icons/dermographism04-s__FocusFillWzE1MCwxMTAsInkiLDFd.jpg
https://dermnetnz.org/image-catalogue/dermoscopy-course-images/?stage=Live,Dermoscopy course images,https://dermnetnz.org/assets/Uploads/solar-lentigo9-s__FocusFillWzE1MCwxMTAsIngiLDVd.jpg,icons/solar-lentigo9-s__FocusFillWzE1MCwxMTAsIngiLDVd.jpg
https://dermnetnz.org/topics/digital-myxoid-cyst-images/?stage=Live,Digital myxoid cyst images,https://dermnetnz.org/assets/Uploads/myxoid3-s__FocusFillWzE1MCwxMTAsInkiLDFd.jpg,icons/myxoid3-s__FocusFillWzE1MCwxMTAsInkiLDFd.jpg
https://dermnetnz.org/images/discoid-eczema-images/?stage=Live,Discoid eczema images,https://dermnetnz.org/assets/Uploads/nummular-eczema39-s__FocusFillWzE1MCwxMTAsInkiLDBd.jpg,icons/nummular-eczema39-s__FocusFillWzE1MCwxMTAsInkiLDBd.jpg
https://dermnetnz.org/image-catalogue/disease-relating-to-site-or-age-images/?stage=Live,Disease relating to site or age images,https://dermnetnz.org/assets/Uploads/eosinophilic-ulcer-s3__FocusFillWzE1MCwxMTAsInkiLDFd.jpg,icons/eosinophilic-ulcer-s3__FocusFillWzE1MCwxMTAsInkiLDFd.jpg
https://dermnetnz.org/topics/dry-skin-images/?stage=Live,Dry skin images,https://dermnetnz.org/assets/Uploads/2646__FocusFillWzE1MCwxMTAsInkiLDFd.jpg,icons/2646__FocusFillWzE1MCwxMTAsInkiLDFd.jpg
https://dermnetnz.org/topics/atypical-naevus-images/?stage=Live,Dysplastic naevi images,https://dermnetnz.org/assets/Uploads/604__FocusFillWzE1MCwxMTAsInkiLDFd.jpg,icons/604__FocusFillWzE1MCwxMTAsInkiLDFd.jpg
https://dermnetnz.org/topics/eccrine-poroma-images/?stage=Live,Eccrine poroma images,https://dermnetnz.org/assets/Uploads/lesions/w/eccrine-poroma2__FocusFillWzE1MCwxMTAsInkiLDFd.jpg,icons/eccrine-poroma2__FocusFillWzE1MCwxMTAsInkiLDFd.jpg
https://dermnetnz.org/topics/ecthyma-images/?stage=Live,Ecthyma images,https://dermnetnz.org/assets/Uploads/ecthyma-3-s__FocusFillWzE1MCwxMTAsInkiLDBd.jpg,icons/ecthyma-3-s__FocusFillWzE1MCwxMTAsInkiLDBd.jpg
https://dermnetnz.org/topics/eczema-herpeticum-images/?stage=Live,Eczema herpeticum images,https://dermnetnz.org/assets/Uploads/eczema-herpticum02-s__FocusFillWzE1MCwxMTAsInkiLDFd.jpg,icons/eczema-herpticum02-s__FocusFillWzE1MCwxMTAsInkiLDFd.jpg
https://dermnetnz.org/topics/ehlers-danlos-syndrome-images/?stage=Live,Ehlers–Danlos syndrome images,https://dermnetnz.org/assets/Uploads/EDS-hypermobility-02__FocusFillWzE1MCwxMTAsInkiLDFd.jpg,icons/EDS-hypermobility-02__FocusFillWzE1MCwxMTAsInkiLDFd.jpg
https://dermnetnz.org/images/hand-foot-and-mouth-disease-images/?stage=Live,Enteroviral infection images,https://dermnetnz.org/assets/Uploads/hfm3-s2__FocusFillWzE1MCwxMTAsInkiLDFd.jpg,icons/hfm3-s2__FocusFillWzE1MCwxMTAsInkiLDFd.jpg
https://dermnetnz.org/topics/epidermoid-and-trichilemmal-cyst-images/?stage=Live,Epidermal and pilar cyst images,https://dermnetnz.org/assets/Uploads/cyst16-s__FocusFillWzE1MCwxMTAsInkiLDFd.jpg,icons/cyst16-s__FocusFillWzE1MCwxMTAsInkiLDFd.jpg
https://dermnetnz.org/topics/tuberous-sclerosis-images/?stage=Live,Epiloia images,https://dermnetnz.org/assets/Uploads/angiofibromas-19-s__FocusFillWzE1MCwxMTAsInkiLDFd.jpg,icons/angiofibromas-19-s__FocusFillWzE1MCwxMTAsInkiLDFd.jpg
https://dermnetnz.org/topics/tuberous-sclerosis-images/?stage=Live,Epiloia images,https://dermnetnz.org/assets/Uploads/tuberous-sclerosis05-s__FocusFillWzE1MCwxMTAsInkiLDFd.jpg,icons/tuberous-sclerosis05-s__FocusFillWzE1MCwxMTAsInkiLDFd.jpg
https://dermnetnz.org/topics/erythema-infectiosum-fifth-disease-images/?stage=Live,Erythema infectiosum images,https://dermnetnz.org/assets/Uploads/fifth05-s__FocusFillWzE1MCwxMTAsInkiLDBd.jpg,icons/fifth05-s__FocusFillWzE1MCwxMTAsInkiLDBd.jpg
https://dermnetnz.org/topics/erythema-migrans-images/?stage=Live,Erythema migrans images,https://dermnetnz.org/assets/Uploads/ecm-16__FocusFillWzE1MCwxMTAsInkiLDFd.JPG,icons/ecm-16__FocusFillWzE1MCwxMTAsInkiLDFd.JPG
https://dermnetnz.org/topics/erythema-multiforme-images/?stage=Live,Erythema multiforme images,https://dermnetnz.org/assets/Uploads/emultifor3-s__FocusFillWzE1MCwxMTAsInkiLDFd.jpg,icons/emultifor3-s__FocusFillWzE1MCwxMTAsInkiLDFd.jpg
https://dermnetnz.org/topics/erythema-nodosum-images/?stage=Live,Erythema nodosum images,https://dermnetnz.org/assets/Uploads/en10-s__FocusFillWzE1MCwxMTAsInkiLDFd.jpg,icons/en10-s__FocusFillWzE1MCwxMTAsInkiLDFd.jpg
https://dermnetnz.org/topics/erythrasma-images/?stage=Live,Erythrasma images,https://dermnetnz.org/assets/Uploads/erythrasma05-s__FocusFillWzE1MCwxMTAsInkiLDFd.jpg,icons/erythrasma05-s__FocusFillWzE1MCwxMTAsInkiLDFd.jpg
https://dermnetnz.org/topics/erythroderma-images/?stage=Live,Erythroderma images,https://dermnetnz.org/assets/Uploads/erythroderma-06-s__FocusFillWzE1MCwxMTAsInkiLDFd.jpg,icons/erythroderma-06-s__FocusFillWzE1MCwxMTAsInkiLDFd.jpg
https://dermnetnz.org/topics/extragenital-lichen-sclerosus-images/?stage=Live,Extragenital lichen sclerosus images,https://dermnetnz.org/assets/Uploads/102__FocusFillWzE1MCwxMTAsInkiLDFd.jpg,icons/102__FocusFillWzE1MCwxMTAsInkiLDFd.jpg
https://dermnetnz.org/topics/madarosis-images/?stage=Live,Eyebrow loss images,https://dermnetnz.org/assets/Uploads/madarosis-21__FocusFillWzE1MCwxMTAsInkiLDFd.JPG,icons/madarosis-21__FocusFillWzE1MCwxMTAsInkiLDFd.JPG
https://dermnetnz.org/topics/madarosis-images/?stage=Live,Eyelash loss images,https://dermnetnz.org/assets/Uploads/madarosis-21__FocusFillWzE1MCwxMTAsInkiLDFd.JPG,icons/madarosis-21__FocusFillWzE1MCwxMTAsInkiLDFd.JPG
https://dermnetnz.org/topics/eyelid-dermatitis-images/?stage=Live,Eyelid dermatitis images,https://dermnetnz.org/assets/Uploads/eyelid-dermatitis-06-s__FocusFillWzE1MCwxMTAsInkiLDFd.jpg,icons/eyelid-dermatitis-06-s__FocusFillWzE1MCwxMTAsInkiLDFd.jpg
https://dermnetnz.org/topics/angiokeratoma-images/?stage=Live,Fabry disease images,https://dermnetnz.org/assets/Uploads/angiokeratoma-2__FocusFillWzE1MCwxMTAsInkiLDFd.JPG,icons/angiokeratoma-2__FocusFillWzE1MCwxMTAsInkiLDFd.JPG
https://dermnetnz.org/topics/acne-face-images/?stage=Live,Facial acne images,https://dermnetnz.org/assets/Uploads/Screen-Shot-2018-01-25-at-8__FocusFillWzE1MCwxMTAsIngiLDFd.28.37-PM.png,icons/Screen-Shot-2018-01-25-at-8__FocusFillWzE1MCwxMTAsIngiLDFd.28.37-PM.png
https://dermnetnz.org/topics/facial-psoriasis-images/?stage=Live,Facial psoriasis images,https://dermnetnz.org/assets/Uploads/facial-psoriasis13-s__FocusFillWzE1MCwxMTAsInkiLDFd.jpg,icons/facial-psoriasis13-s__FocusFillWzE1MCwxMTAsInkiLDFd.jpg
https://dermnetnz.org/topics/fibrofolliculomas-in-birthoggdube-images/?stage=Live,Fibrofolliculomas in Birt–Hogg–Dubé images,https://dermnetnz.org/assets/Uploads/birt-hogg-dube-8__FocusFillWzE1MCwxMTAsInkiLDFd.JPG,icons/birt-hogg-dube-8__FocusFillWzE1MCwxMTAsInkiLDFd.JPG
https://dermnetnz.org/topics/erythema-infectiosum-fifth-disease-images/?stage=Live,Fifth disease images,https://dermnetnz.org/assets/Uploads/fifth05-s__FocusFillWzE1MCwxMTAsInkiLDBd.jpg,icons/fifth05-s__FocusFillWzE1MCwxMTAsInkiLDBd.jpg
https://dermnetnz.org/topics/atypical-mycobacterial-infection-images/?stage=Live,Fishtank granuloma images,https://dermnetnz.org/assets/Uploads/m-marinum-2-s__FocusFillWzE1MCwxMTAsInkiLDFd.jpg,icons/m-marinum-2-s__FocusFillWzE1MCwxMTAsInkiLDFd.jpg
https://dermnetnz.org/topics/flexural-psoriasis-images/?stage=Live,Flexural psoriasis images,https://dermnetnz.org/assets/Uploads/psorkai3__FocusFillWzE1MCwxMTAsInkiLDFd.JPG,icons/psorkai3__FocusFillWzE1MCwxMTAsInkiLDFd.JPG
https://dermnetnz.org/topics/folliculitis-images/?stage=Live,Folliculitis images,https://dermnetnz.org/assets/Uploads/2650__FocusFillWzE1MCwxMTAsInkiLDIwXQ.jpg,icons/2650__FocusFillWzE1MCwxMTAsInkiLDIwXQ.jpg
https://dermnetnz.org/topics/folliculitis-keloidalis-images/?stage=Live,Folliculitis keloidalis images,https://dermnetnz.org/assets/Uploads/3720__FocusFillWzE1MCwxMTAsInkiLDFd.jpg,icons/3720__FocusFillWzE1MCwxMTAsInkiLDFd.jpg
https://dermnetnz.org/topics/angiokeratoma-images/?stage=Live,Fordyce angiokeratoma images,https://dermnetnz.org/assets/Uploads/angiokeratoma-2__FocusFillWzE1MCwxMTAsInkiLDFd.JPG,icons/angiokeratoma-2__FocusFillWzE1MCwxMTAsInkiLDFd.JPG
https://dermnetnz.org/image-catalogue/fungal-skin-infection-images/?stage=Live,Fungal skin infection images,https://dermnetnz.org/assets/Uploads/tinea-barbae001-s__FocusFillWzE1MCwxMTAsInkiLDFd.jpg,icons/tinea-barbae001-s__FocusFillWzE1MCwxMTAsInkiLDFd.jpg
https://dermnetnz.org/topics/generalised-pustular-psoriasis-images/?stage=Live,Generalised pustular psoriasis images,https://dermnetnz.org/assets/Uploads/gen-pustular-psoriasis-03__FocusFillWzE1MCwxMTAsInkiLDFd.JPG,icons/gen-pustular-psoriasis-03__FocusFillWzE1MCwxMTAsInkiLDFd.JPG
https://dermnetnz.org/topics/genital-crohn-disease-images/?stage=Live,Genital Crohn disease images,https://dermnetnz.org/assets/Uploads/genital-crohn-1-s__FocusFillWzE1MCwxMTAsInkiLDM5XQ.jpg,icons/genital-crohn-1-s__FocusFillWzE1MCwxMTAsInkiLDM5XQ.jpg
https://dermnetnz.org/topics/genital-herpes-images/?stage=Live,Genital herpes images,https://dermnetnz.org/assets/Uploads/hsbuttock2-s__FocusFillWzE1MCwxMTAsInkiLDFd.jpg,icons/hsbuttock2-s__FocusFillWzE1MCwxMTAsInkiLDFd.jpg
https://dermnetnz.org/images/genital-lichen-planus-images/?stage=Live,Genital lichen planus images,https://dermnetnz.org/assets/Uploads/2381-s3__FocusFillWzE1MCwxMTAsInkiLDEwXQ.jpg,icons/2381-s3__FocusFillWzE1MCwxMTAsInkiLDEwXQ.jpg
https://dermnetnz.org/topics/genital-psoriasis-images/?stage=Live,Genital psoriasis images,https://dermnetnz.org/assets/Uploads/genital-psoriasis-09-s2__FocusFillWzE1MCwxMTAsInkiLDEyXQ.jpg,icons/genital-psoriasis-09-s2__FocusFillWzE1MCwxMTAsInkiLDEyXQ.jpg
https://dermnetnz.org/images/genital-wart-images/?stage=Live,Genital wart images,https://dermnetnz.org/assets/Uploads/gw2-small2__FocusFillWzE1MCwxMTAsInkiLDE1XQ.jpg,icons/gw2-small2__FocusFillWzE1MCwxMTAsInkiLDE1XQ.jpg
https://dermnetnz.org/topics/capillaritis-images/?stage=Live,Gougerot Blum images,https://dermnetnz.org/assets/Uploads/2509__FocusFillWzE1MCwxMTAsIngiLDdd.jpg,icons/2509__FocusFillWzE1MCwxMTAsIngiLDdd.jpg
https://dermnetnz.org/topics/gouty-tophi-images/?stage=Live,Gouty tophus images,https://dermnetnz.org/assets/Uploads/gout6-s__FocusFillWzE1MCwxMTAsInkiLDFd.jpg,icons/gout6-s__FocusFillWzE1MCwxMTAsInkiLDFd.jpg
https://dermnetnz.org/topics/granular-parakeratosis-images/?stage=Live,Granular parakeratosis images,https://dermnetnz.org/assets/Uploads/granular-parakeratosis-8__FocusFillWzE1MCwxMTAsInkiLDFd.jpg,icons/granular-parakeratosis-8__FocusFillWzE1MCwxMTAsInkiLDFd.jpg
https://dermnetnz.org/topics/granuloma-annulare-images/?stage=Live,Granuloma annulare images,https://dermnetnz.org/assets/Uploads/ga12-s__FocusFillWzE1MCwxMTAsInkiLDFd.jpg,icons/ga12-s__FocusFillWzE1MCwxMTAsInkiLDFd.jpg
https://dermnetnz.org/topics/transient-acantholytic-dermatosis-images/?stage=Live,Grover disease,https://dermnetnz.org/assets/Uploads/scaly/grovers-disease/2729__FocusFillWzE1MCwxMTAsInkiLDFd.jpg,icons/2729__FocusFillWzE1MCwxMTAsInkiLDFd.jpg
https://dermnetnz.org/topics/guttate-psoriasis-images/?stage=Live,Guttate psoriasis images,https://dermnetnz.org/assets/Uploads/2756__FocusFillWzE1MCwxMTAsInkiLDFd.jpg,icons/2756__FocusFillWzE1MCwxMTAsInkiLDFd.jpg
https://dermnetnz.org/image-catalogue/hair-scalp-nail-and-sweat-images/?stage=Live,"Hair, scalp, nail and sweat images",https://dermnetnz.org/assets/Uploads/woolly-hair-naevus2-s2__FocusFillWzE1MCwxMTAsInkiLDFd.jpg,icons/woolly-hair-naevus2-s2__FocusFillWzE1MCwxMTAsInkiLDFd.jpg
https://dermnetnz.org/topics/halo-mole-images/?stage=Live,Halo mole images,https://dermnetnz.org/assets/Uploads/bml-h2-thunmbnail__FocusFillWzE1MCwxMTAsInkiLDFd.jpg,icons/bml-h2-thunmbnail__FocusFillWzE1MCwxMTAsInkiLDFd.jpg
https://dermnetnz.org/topics/hand-dermatitis-images/?stage=Live,Hand dermatitis images,https://dermnetnz.org/assets/Uploads/2808__FocusFillWzE1MCwxMTAsInkiLDIwXQ.jpg,icons/2808__FocusFillWzE1MCwxMTAsInkiLDIwXQ.jpg
https://dermnetnz.org/images/hand-foot-and-mouth-disease-images/?stage=Live,Hand foot and mouth disease images,https://dermnetnz.org/assets/Uploads/hfm3-s3__FocusFillWzE1MCwxMTAsInkiLDFd.jpg,icons/hfm3-s3__FocusFillWzE1MCwxMTAsInkiLDFd.jpg
https://dermnetnz.org/topics/herpes-simplex-images/?stage=Live,Herpes simplex images,https://dermnetnz.org/assets/Uploads/2881__FocusFillWzE1MCwxMTAsInkiLDFd.jpg,icons/2881__FocusFillWzE1MCwxMTAsInkiLDFd.jpg
https://dermnetnz.org/topics/herpes-zoster-images/?stage=Live,Herpes zoster images,https://dermnetnz.org/assets/Uploads/zoster-14-s__FocusFillWzE1MCwxMTAsInkiLDFd.jpg,icons/zoster-14-s__FocusFillWzE1MCwxMTAsInkiLDFd.jpg
https://dermnetnz.org/topics/hidradenitis-suppurativa-images/?stage=Live,Hidradenitis suppurativa images,https://dermnetnz.org/assets/Uploads/hs-axilla-54__FocusFillWzE1MCwxMTAsInkiLDFd.JPG,icons/hs-axilla-54__FocusFillWzE1MCwxMTAsInkiLDFd.JPG
https://dermnetnz.org/topics/hidrocystoma-images/?stage=Live,Hidrocystoma images,https://dermnetnz.org/assets/Uploads/hidrocystoma-3__FocusFillWzE1MCwxMTAsInkiLDFd.jpg,icons/hidrocystoma-3__FocusFillWzE1MCwxMTAsInkiLDFd.jpg
https://dermnetnz.org/images/amelanotic-melanoma-images/?stage=Live,Hypomelanotic malignant melanoma images,https://dermnetnz.org/assets/Uploads/12a-amelanotic-melanoma__FocusFillWzE1MCwxMTAsInkiLDFd.jpg,icons/12a-amelanotic-melanoma__FocusFillWzE1MCwxMTAsInkiLDFd.jpg
https://dermnetnz.org/topics/ichthyosis-images/?stage=Live,Ichthyosis images,https://dermnetnz.org/assets/Uploads/ichthyosis-25-s__FocusFillWzE1MCwxMTAsInkiLDFd.jpg,icons/ichthyosis-25-s__FocusFillWzE1MCwxMTAsInkiLDFd.jpg
https://dermnetnz.org/image-catalogue/immunological-disorder-images/?stage=Live,Immunological disorder images,https://dermnetnz.org/assets/Uploads/htrophicle-s__FocusFillWzE1MCwxMTAsInkiLDFd.jpg,icons/htrophicle-s__FocusFillWzE1MCwxMTAsInkiLDFd.jpg
https://dermnetnz.org/images/impetigo-images/?stage=Live,Impetigo images,https://dermnetnz.org/assets/Uploads/impet8-s__FocusFillWzE1MCwxMTAsInkiLDFd.jpg,icons/impet8-s__FocusFillWzE1MCwxMTAsInkiLDFd.jpg
https://dermnetnz.org/topics/intraepidermal-carcinoma-images/?stage=Live,In situ squamous cell carcinoma images,https://dermnetnz.org/assets/Uploads/2916__FocusFillWzE1MCwxMTAsInkiLDFd.jpg,icons/2916__FocusFillWzE1MCwxMTAsInkiLDFd.jpg
https://dermnetnz.org/topics/infantile-acne-images/?stage=Live,Infantile acne images,https://dermnetnz.org/assets/Uploads/infantile-acne1-s__FocusFillWzE1MCwxMTAsInkiLDFd.jpg,icons/infantile-acne1-s__FocusFillWzE1MCwxMTAsInkiLDFd.jpg
https://dermnetnz.org/topics/infantile-papular-acrodermatitis-images/?stage=Live,Infantile papular acrodermatitis images,https://dermnetnz.org/assets/Uploads/gcs09-s__FocusFillWzE1MCwxMTAsInkiLDFd.jpg,icons/gcs09-s__FocusFillWzE1MCwxMTAsInkiLDFd.jpg
https://dermnetnz.org/topics/insect-bite-images/?stage=Live,Insect bite images,https://dermnetnz.org/assets/Uploads/bites-s__FocusFillWzE1MCwxMTAsInkiLDFd.jpg,icons/bites-s__FocusFillWzE1MCwxMTAsInkiLDFd.jpg
https://dermnetnz.org/image-catalogue/insect-mite-and-worm-bite-images/?stage=Live,"Insect, mite and worm bite images",https://dermnetnz.org/assets/Uploads/leishmaniasis1__FocusFillWzE1MCwxMTAsInkiLDFd.jpg,icons/leishmaniasis1__FocusFillWzE1MCwxMTAsInkiLDFd.jpg
https://dermnetnz.org/topics/juvenile-plantar-dermatosis-images/?stage=Live,Juvenile plantar dermatosis images,https://dermnetnz.org/assets/Uploads/jpd10-s__FocusFillWzE1MCwxMTAsInkiLDFd.jpg,icons/jpd10-s__FocusFillWzE1MCwxMTAsInkiLDFd.jpg
https://dermnetnz.org/topics/kaposi-sarcoma-images/?stage=Live,Kaposi sarcoma images,https://dermnetnz.org/assets/Uploads/plaque2__FocusFillWzE1MCwxMTAsIngiLDZd.jpg,icons/plaque2__FocusFillWzE1MCwxMTAsIngiLDZd.jpg
https://dermnetnz.org/images/keloid-images/?stage=Live,Keloid images,https://dermnetnz.org/assets/Uploads/keloid22-s__FocusFillWzE1MCwxMTAsInkiLDFd.jpg,icons/keloid22-s__FocusFillWzE1MCwxMTAsInkiLDFd.jpg
https://dermnetnz.org/topics/keratoacanthoma-images/?stage=Live,Keratoacanthoma images,https://dermnetnz.org/assets/Uploads/3001__FocusFillWzE1MCwxMTAsInkiLDFd.jpg,icons/3001__FocusFillWzE1MCwxMTAsInkiLDFd.jpg
https://dermnetnz.org/topics/keratolytic-winter-erythema-images/?stage=Live,Keratolytic winter erythema,https://dermnetnz.org/assets/Uploads/keratolytic-winter-erythema-08__FocusFillWzE1MCwxMTAsIngiLDdd.jpg,icons/keratolytic-winter-erythema-08__FocusFillWzE1MCwxMTAsIngiLDdd.jpg
https://dermnetnz.org/topics/keratosis-pilaris-images/?stage=Live,Keratosis pilaris images,https://dermnetnz.org/assets/Uploads/3014__FocusFillWzE1MCwxMTAsInkiLDFd.jpg,icons/3014__FocusFillWzE1MCwxMTAsInkiLDFd.jpg
https://dermnetnz.org/topics/kerion-images/?stage=Live,Kerion images,https://dermnetnz.org/assets/Uploads/kerion09-s__FocusFillWzE1MCwxMTAsInkiLDFd.jpg,icons/kerion09-s__FocusFillWzE1MCwxMTAsInkiLDFd.jpg
https://dermnetnz.org/topics/labial-fusion-images/?stage=Live,Labial fusion images,https://dermnetnz.org/assets/Uploads/labial-fusion05-s__FocusFillWzE1MCwxMTAsInkiLDUwXQ.jpg,icons/labial-fusion05-s__FocusFillWzE1MCwxMTAsInkiLDUwXQ.jpg
https://dermnetnz.org/topics/?stage=Live,Lax beetle images,https://dermnetnz.org/assets/Uploads/lax-beetle-3__FocusFillWzE1MCwxMTAsInkiLDFd.jpg,icons/lax-beetle-3__FocusFillWzE1MCwxMTAsInkiLDFd.jpg
https://dermnetnz.org/topics/leg-ulcer-images/?stage=Live,Leg ulcer images,https://dermnetnz.org/assets/Uploads/3061__FocusFillWzE1MCwxMTAsInkiLDQ1XQ.jpg,icons/3061__FocusFillWzE1MCwxMTAsInkiLDQ1XQ.jpg
https://dermnetnz.org/?stage=Live,Leishmaniasis images,https://dermnetnz.org/assets/Uploads/cutaneous-leishmaniasis-19-v3__FocusFillWzE1MCwxMTAsInkiLDFd.JPG,icons/cutaneous-leishmaniasis-19-v3__FocusFillWzE1MCwxMTAsInkiLDFd.JPG
https://dermnetnz.org/topics/lentigo-images/?stage=Live,Lentigo images,https://dermnetnz.org/assets/Uploads/lentigo10-s__FocusFillWzE1MCwxMTAsInkiLDFd.jpg,icons/lentigo10-s__FocusFillWzE1MCwxMTAsInkiLDFd.jpg
https://dermnetnz.org/images/lentigo-maligna-melanoma-images/?stage=Live,Lentigo maligna melanoma images,https://dermnetnz.org/assets/Uploads/lmm5-big2__FocusFillWzE1MCwxMTAsInkiLDFd.jpg,icons/lmm5-big2__FocusFillWzE1MCwxMTAsInkiLDFd.jpg
https://dermnetnz.org/image-catalogue/lesion-tumour-and-cancer-images/?stage=Live,"Lesion, tumour and cancer images",https://dermnetnz.org/assets/Uploads/ep-n5-s__FocusFillWzE1MCwxMTAsInkiLDFd.jpg,icons/ep-n5-s__FocusFillWzE1MCwxMTAsInkiLDFd.jpg
https://dermnetnz.org/topics/capillaritis-images/?stage=Live,Lichen aureus images,https://dermnetnz.org/assets/Uploads/2509__FocusFillWzE1MCwxMTAsIngiLDdd.jpg,icons/2509__FocusFillWzE1MCwxMTAsIngiLDdd.jpg
https://dermnetnz.org/images/lichen-planus-images/?stage=Live,Lichen planus images,https://dermnetnz.org/assets/Uploads/3078__FocusFillWzE1MCwxMTAsInkiLDFd.jpg,icons/3078__FocusFillWzE1MCwxMTAsInkiLDFd.jpg
https://dermnetnz.org/images/nail-lichen-planus-images/?stage=Live,Lichen planus nail images,https://dermnetnz.org/assets/Uploads/lichen-planus-matrix-2-s__FocusFillWzE1MCwxMTAsInkiLDFd.jpg,icons/lichen-planus-matrix-2-s__FocusFillWzE1MCwxMTAsInkiLDFd.jpg
https://dermnetnz.org/?stage=Live,Lichen simplex images,https://dermnetnz.org/assets/Uploads/3118__FocusFillWzE1MCwxMTAsIngiLDdd.jpg,icons/3118__FocusFillWzE1MCwxMTAsIngiLDdd.jpg
https://dermnetnz.org/topics/lipodermatosclerosis-images/?stage=Live,Lipodermatosclerosis,https://dermnetnz.org/assets/Uploads/acute-lipodermatosclerosis-06__FocusFillWzE1MCwxMTAsInkiLDFd.JPG,icons/acute-lipodermatosclerosis-06__FocusFillWzE1MCwxMTAsInkiLDFd.JPG
https://dermnetnz.org/topics/madarosis-images/?stage=Live,Loss of eyebrows images,https://dermnetnz.org/assets/Uploads/madarosis-21__FocusFillWzE1MCwxMTAsInkiLDFd.JPG,icons/madarosis-21__FocusFillWzE1MCwxMTAsInkiLDFd.JPG
https://dermnetnz.org/topics/madarosis-images/?stage=Live,Loss of eyelashes images,https://dermnetnz.org/assets/Uploads/madarosis-21__FocusFillWzE1MCwxMTAsInkiLDFd.JPG,icons/madarosis-21__FocusFillWzE1MCwxMTAsInkiLDFd.JPG
https://dermnetnz.org/topics/madarosis-images/?stage=Live,Madarosis images,https://dermnetnz.org/assets/Uploads/madarosis-21__FocusFillWzE1MCwxMTAsInkiLDFd.JPG,icons/madarosis-21__FocusFillWzE1MCwxMTAsInkiLDFd.JPG
https://dermnetnz.org/topics/capillaritis-images/?stage=Live,Majocchi purpura images,https://dermnetnz.org/assets/Uploads/2509__FocusFillWzE1MCwxMTAsIngiLDdd.jpg,icons/2509__FocusFillWzE1MCwxMTAsIngiLDdd.jpg
https://dermnetnz.org/topics/mammary-and-extramammary-paget-disease-of-the-skin-images/?stage=Live,Mammmary and extramammary Paget disease,https://dermnetnz.org/assets/Uploads/extra-paget-04__FocusFillWzE1MCwxMTAsInkiLDFd.JPG,icons/extra-paget-04__FocusFillWzE1MCwxMTAsInkiLDFd.JPG
https://dermnetnz.org/topics/measles-images/?stage=Live,Measles images,https://dermnetnz.org/assets/Uploads/measles10-s__FocusFillWzE1MCwxMTAsInkiLDFd.jpg,icons/measles10-s__FocusFillWzE1MCwxMTAsInkiLDFd.jpg
https://dermnetnz.org/topics/melanoma-in-situ-images/?stage=Live,Melanoma in situ images,https://dermnetnz.org/assets/Uploads/alm17__FocusFillWzE1MCwxMTAsInkiLDFd.jpg,icons/alm17__FocusFillWzE1MCwxMTAsInkiLDFd.jpg
https://dermnetnz.org/topics/melanoma-of-nail-unit-images/?stage=Live,Melanoma of nail unit images,https://dermnetnz.org/assets/Uploads/melanoma-s2__FocusFillWzE1MCwxMTAsInkiLDFd.jpg,icons/melanoma-s2__FocusFillWzE1MCwxMTAsInkiLDFd.jpg
https://dermnetnz.org/topics/melanonychia-images/?stage=Live,Melanonychia images,https://dermnetnz.org/assets/Uploads/melanonychia-08-s__FocusFillWzE1MCwxMTAsInkiLDBd.jpg,icons/melanonychia-08-s__FocusFillWzE1MCwxMTAsInkiLDBd.jpg
https://dermnetnz.org/topics/melasma-images/?stage=Live,Melasma images,https://dermnetnz.org/assets/Uploads/3130__FocusFillWzE1MCwxMTAsInkiLDFd.jpg,icons/3130__FocusFillWzE1MCwxMTAsInkiLDFd.jpg
https://dermnetnz.org/topics/metastatic-melanoma-images/?stage=Live,Metastatic melanoma images,https://dermnetnz.org/assets/Uploads/metastatic-melanoma-008__FocusFillWzE1MCwxMTAsIngiLDdd.JPG,icons/metastatic-melanoma-008__FocusFillWzE1MCwxMTAsIngiLDdd.JPG
https://dermnetnz.org/topics/milia-images/?stage=Live,Milia images,https://dermnetnz.org/assets/Uploads/milia-18__FocusFillWzE1MCwxMTAsInkiLDFd.jpg,icons/milia-18__FocusFillWzE1MCwxMTAsInkiLDFd.jpg
https://dermnetnz.org/topics/mole-images/?stage=Live,Mole images,https://dermnetnz.org/assets/Uploads/3180__FocusFillWzE1MCwxMTAsInkiLDFd.jpg,icons/3180__FocusFillWzE1MCwxMTAsInkiLDFd.jpg
https://dermnetnz.org/topics/molluscum-contagiosum-images/?stage=Live,Molluscum contagiosum images,https://dermnetnz.org/assets/Uploads/molluscum50-s__FocusFillWzE1MCwxMTAsInkiLDBd.jpg,icons/molluscum50-s__FocusFillWzE1MCwxMTAsInkiLDBd.jpg
https://dermnetnz.org/topics/candida-affecting-the-lips-mouth-and-face-images/?stage=Live,"Moniliasis affecting the lips, mouth and face images",https://dermnetnz.org/assets/Uploads/1282-big2__FocusFillWzE1MCwxMTAsInkiLDFd.jpg,icons/1282-big2__FocusFillWzE1MCwxMTAsInkiLDFd.jpg
https://dermnetnz.org/topics/morphoea-images/?stage=Live,Morphea images,https://dermnetnz.org/assets/Uploads/3193__FocusFillWzE1MCwxMTAsInkiLDIwXQ.jpg,icons/3193__FocusFillWzE1MCwxMTAsInkiLDIwXQ.jpg
https://dermnetnz.org/topics/nail-psoriasis-images/?stage=Live,Nail psoriasis images,https://dermnetnz.org/assets/Uploads/3227__FocusFillWzE1MCwxMTAsInkiLDIwXQ.jpg,icons/3227__FocusFillWzE1MCwxMTAsInkiLDIwXQ.jpg
https://dermnetnz.org/topics/necrotising-fasciitis-images/?stage=Live,Necrotising fasciitis images,https://dermnetnz.org/assets/Uploads/nec-fas9-s__FocusFillWzE1MCwxMTAsInkiLDFd.jpg,icons/nec-fas9-s__FocusFillWzE1MCwxMTAsInkiLDFd.jpg
https://dermnetnz.org/topics/neurofibromatosis-images/?stage=Live,Neurofibromatosis images,https://dermnetnz.org/assets/Uploads/nf7__FocusFillWzE1MCwxMTAsInkiLDFd.jpg,icons/nf7__FocusFillWzE1MCwxMTAsInkiLDFd.jpg
https://dermnetnz.org/topics/nodular-bcc-images/?stage=Live,Nodular BCC images,https://dermnetnz.org/assets/Uploads/nBCC__FocusFillWzE1MCwxMTAsIngiLDdd.jpg,icons/nBCC__FocusFillWzE1MCwxMTAsIngiLDdd.jpg
https://dermnetnz.org/topics/nodular-bcc-images/?stage=Live,Nodular basal cell carcinoma images,https://dermnetnz.org/assets/Uploads/nBCC3__FocusFillWzE1MCwxMTAsIngiLDdd.jpg,icons/nBCC3__FocusFillWzE1MCwxMTAsIngiLDdd.jpg
https://dermnetnz.org/images/nodular-melanoma-images/?stage=Live,Nodular melanoma images,https://dermnetnz.org/assets/Uploads/nm3-s__FocusFillWzE1MCwxMTAsInkiLDFd.jpg,icons/nm3-s__FocusFillWzE1MCwxMTAsInkiLDFd.jpg
https://dermnetnz.org/topics/atypical-mycobacterial-infection-images/?stage=Live,Nontuberculous mycobacteria images,https://dermnetnz.org/assets/Uploads/m-marinum-2-s__FocusFillWzE1MCwxMTAsInkiLDFd.jpg,icons/m-marinum-2-s__FocusFillWzE1MCwxMTAsInkiLDFd.jpg
https://dermnetnz.org/images/discoid-eczema-images/?stage=Live,Nummular dermatitis images,https://dermnetnz.org/assets/Uploads/nummular-eczema39-s__FocusFillWzE1MCwxMTAsInkiLDBd.jpg,icons/nummular-eczema39-s__FocusFillWzE1MCwxMTAsInkiLDBd.jpg
https://dermnetnz.org/topics/orf-images/?stage=Live,Orf images,https://dermnetnz.org/assets/Uploads/orf15-s__FocusFillWzE1MCwxMTAsInkiLDBd.jpg,icons/orf15-s__FocusFillWzE1MCwxMTAsInkiLDBd.jpg
https://dermnetnz.org/images/polymorphic-light-eruption-images/?stage=Live,PMLE images,https://dermnetnz.org/assets/Uploads/pmle-12__FocusFillWzE1MCwxMTAsInkiLDFd.jpg,icons/pmle-12__FocusFillWzE1MCwxMTAsInkiLDFd.jpg
https://dermnetnz.org/topics/palmoplantar-psoriasis-images/?stage=Live,Palmoplantar psoriasis images,https://dermnetnz.org/assets/Uploads/ppps03-s__FocusFillWzE1MCwxMTAsIngiLDld.jpg,icons/ppps03-s__FocusFillWzE1MCwxMTAsIngiLDld.jpg
https://dermnetnz.org/topics/palmoplantar-pustulosis-images/?stage=Live,Palmoplantar pustulosis images,https://dermnetnz.org/assets/Uploads/palmar-pustulosis-01__FocusFillWzE1MCwxMTAsIngiLDld.JPG,icons/palmar-pustulosis-01__FocusFillWzE1MCwxMTAsIngiLDld.JPG
https://dermnetnz.org/topics/paronychia-images/?stage=Live,Paronychia images,https://dermnetnz.org/assets/Uploads/3295__FocusFillWzE1MCwxMTAsInkiLDFd.jpg,icons/3295__FocusFillWzE1MCwxMTAsInkiLDFd.jpg
https://dermnetnz.org/topics/patch-test-images/?stage=Live,Patch test images,https://dermnetnz.org/assets/Uploads/3312__FocusFillWzE1MCwxMTAsInkiLDFd.jpg,icons/3312__FocusFillWzE1MCwxMTAsInkiLDFd.jpg
https://dermnetnz.org/images/pemphigus-vulgaris-images/?stage=Live,Pemphigus vulgaris,https://dermnetnz.org/assets/Uploads/pemphigus-vulgaris-20__FocusFillWzE1MCwxMTAsInkiLDFd.JPG,icons/pemphigus-vulgaris-20__FocusFillWzE1MCwxMTAsInkiLDFd.JPG
https://dermnetnz.org/topics/penile-epithelial-neoplasia-images/?stage=Live,Penile epithelial neoplasia images,https://dermnetnz.org/assets/Uploads/pin1-1__FocusFillWzE1MCwxMTAsInkiLDhd.jpg,icons/pin1-1__FocusFillWzE1MCwxMTAsInkiLDhd.jpg
https://dermnetnz.org/topics/balanitis-images/?stage=Live,Penile infections images,https://dermnetnz.org/assets/Uploads/balanitis4-s-1__FocusFillWzE1MCwxMTAsInkiLDIzXQ.jpg,icons/balanitis4-s-1__FocusFillWzE1MCwxMTAsInkiLDIzXQ.jpg
https://dermnetnz.org/images/genital-lichen-planus-images/?stage=Live,Penile lichen planus images,https://dermnetnz.org/assets/Uploads/2381-s3__FocusFillWzE1MCwxMTAsInkiLDEwXQ.jpg,icons/2381-s3__FocusFillWzE1MCwxMTAsInkiLDEwXQ.jpg
https://dermnetnz.org/topics/penile-lichen-sclerosus-images/?stage=Live,Penile lichen sclerosus,https://dermnetnz.org/assets/Uploads/088-small__FocusFillWzE1MCwxMTAsInkiLDQ0XQ.jpg,icons/088-small__FocusFillWzE1MCwxMTAsInkiLDQ0XQ.jpg
https://dermnetnz.org/topics/pearly-penile-papules-images/?stage=Live,Penile pearly papules images,https://dermnetnz.org/assets/Uploads/ppp1-small2__FocusFillWzE1MCwxMTAsIngiLDIwXQ.jpg,icons/ppp1-small2__FocusFillWzE1MCwxMTAsIngiLDIwXQ.jpg
https://dermnetnz.org/topics/perianal-lichen-sclerosus-images/?stage=Live,Perianal lichen sclerosus images,https://dermnetnz.org/assets/Uploads/086-small2__FocusFillWzE1MCwxMTAsIngiLDEyXQ.jpg,icons/086-small2__FocusFillWzE1MCwxMTAsIngiLDEyXQ.jpg
https://dermnetnz.org/images/periorificial-dermatitis-images/?stage=Live,Perioral dermatitis images,https://dermnetnz.org/assets/Uploads/3413__FocusFillWzE1MCwxMTAsInkiLDFd.jpg,icons/3413__FocusFillWzE1MCwxMTAsInkiLDFd.jpg
https://dermnetnz.org/images/angular-cheilitis-images/?stage=Live,Perleche images,https://dermnetnz.org/assets/Uploads/perleche13-s__FocusFillWzE1MCwxMTAsInkiLDFd.jpg,icons/perleche13-s__FocusFillWzE1MCwxMTAsInkiLDFd.jpg
https://dermnetnz.org/images/angular-cheilitis-images/?stage=Live,Perlèche images,https://dermnetnz.org/assets/Uploads/perleche13-s__FocusFillWzE1MCwxMTAsInkiLDFd.jpg,icons/perleche13-s__FocusFillWzE1MCwxMTAsInkiLDFd.jpg
https://dermnetnz.org/image-catalogue/phototherapy-course-images/?stage=Live,Phototherapy course images,https://dermnetnz.org/assets/Uploads/uva1-s__FocusFillWzE1MCwxMTAsInkiLDc3XQ.jpg,icons/uva1-s__FocusFillWzE1MCwxMTAsInkiLDc3XQ.jpg
https://dermnetnz.org/topics/piezogenic-papule-images/?stage=Live,Piezogenic papule images,https://dermnetnz.org/assets/Uploads/piezogenic-papules1-s__FocusFillWzE1MCwxMTAsInkiLDFd.jpg,icons/piezogenic-papules1-s__FocusFillWzE1MCwxMTAsInkiLDFd.jpg
https://dermnetnz.org/image-catalogue/pigmentation-problem-images/?stage=Live,Pigmentation problem images,https://dermnetnz.org/assets/Uploads/vitiligo-51-s__FocusFillWzE1MCwxMTAsInkiLDFd.jpg,icons/vitiligo-51-s__FocusFillWzE1MCwxMTAsInkiLDFd.jpg
https://dermnetnz.org/topics/capillaritis-images/?stage=Live,Pigmented purpura images,https://dermnetnz.org/assets/Uploads/2509__FocusFillWzE1MCwxMTAsIngiLDdd.jpg,icons/2509__FocusFillWzE1MCwxMTAsIngiLDdd.jpg
https://dermnetnz.org/topics/capillaritis-images/?stage=Live,Pigmented purpuric lichenoid dermatosis images,https://dermnetnz.org/assets/Uploads/2509__FocusFillWzE1MCwxMTAsIngiLDdd.jpg,icons/2509__FocusFillWzE1MCwxMTAsIngiLDdd.jpg
https://dermnetnz.org/images/pityrasis-alba-images/?stage=Live,Pityriasis alba images,https://dermnetnz.org/assets/Uploads/pityriasis-alba-3-s__FocusFillWzE1MCwxMTAsInkiLDFd.jpg,icons/pityriasis-alba-3-s__FocusFillWzE1MCwxMTAsInkiLDFd.jpg
https://dermnetnz.org/?stage=Live,Pityriasis rosea images,https://dermnetnz.org/assets/Uploads/pit-rosea26-s__FocusFillWzE1MCwxMTAsInkiLDFd.jpg,icons/pit-rosea26-s__FocusFillWzE1MCwxMTAsInkiLDFd.jpg
https://dermnetnz.org/topics/pityriasis-versicolor-images/?stage=Live,Pityriasis versicolor images,https://dermnetnz.org/assets/Uploads/pitver2s__FocusFillWzE1MCwxMTAsInkiLDFd.jpg,icons/pitver2s__FocusFillWzE1MCwxMTAsInkiLDFd.jpg
https://dermnetnz.org/topics/plasma-cell-balanitisvulvitis-images/?stage=Live,Plasma cell balanitis/vulvitis images,https://dermnetnz.org/assets/Uploads/plasma1__FocusFillWzE1MCwxMTAsIngiLDI2XQ.jpg,icons/plasma1__FocusFillWzE1MCwxMTAsIngiLDI2XQ.jpg
https://dermnetnz.org/images/polymorphic-light-eruption-images/?stage=Live,Polymorphic light eruption images,https://dermnetnz.org/assets/Uploads/pmle-12__FocusFillWzE1MCwxMTAsInkiLDFd.jpg,icons/pmle-12__FocusFillWzE1MCwxMTAsInkiLDFd.jpg
https://dermnetnz.org/images/polymorphic-light-eruption-images/?stage=Live,Polymorphous light eruption images,https://dermnetnz.org/assets/Uploads/pmle-12__FocusFillWzE1MCwxMTAsInkiLDFd.jpg,icons/pmle-12__FocusFillWzE1MCwxMTAsInkiLDFd.jpg
https://dermnetnz.org/topics/pompholyx-images/?stage=Live,Pompholyx images,https://dermnetnz.org/assets/Uploads/3517__FocusFillWzE1MCwxMTAsInkiLDIwXQ.jpg,icons/3517__FocusFillWzE1MCwxMTAsInkiLDIwXQ.jpg
https://dermnetnz.org/topics/pretibial-myxoedema-images/?stage=Live,Pretibial myxoedema images,https://dermnetnz.org/assets/Uploads/pretibial-myxoedema-17-s__FocusFillWzE1MCwxMTAsInkiLDFd.jpg,icons/pretibial-myxoedema-17-s__FocusFillWzE1MCwxMTAsInkiLDFd.jpg
https://dermnetnz.org/image-catalogue/principals-of-dermatological-practice-course-images/?stage=Live,Principals of dermatological practice course images,https://dermnetnz.org/assets/Uploads/tape-reaction-s__FocusFillWzE1MCwxMTAsInkiLDFd.jpg,icons/tape-reaction-s__FocusFillWzE1MCwxMTAsInkiLDFd.jpg
https://dermnetnz.org/image-catalogue/procedures-images/?stage=Live,Procedures images,https://dermnetnz.org/assets/Uploads/mohs5-s__FocusFillWzE1MCwxMTAsInkiLDFd.jpg,icons/mohs5-s__FocusFillWzE1MCwxMTAsInkiLDFd.jpg
https://dermnetnz.org/topics/prurigo-of-pregnancy-images/?stage=Live,Prurigo of pregnancy images,https://dermnetnz.org/assets/Uploads/prurigo-pregnancy-05-s__FocusFillWzE1MCwxMTAsInkiLDFd.jpg,icons/prurigo-pregnancy-05-s__FocusFillWzE1MCwxMTAsInkiLDFd.jpg
https://dermnetnz.org/topics/facial-psoriasis-images/?stage=Live,Psoriasis affecting the face images,https://dermnetnz.org/assets/Uploads/facial-psoriasis13-s2__FocusFillWzE1MCwxMTAsInkiLDFd.jpg,icons/facial-psoriasis13-s2__FocusFillWzE1MCwxMTAsInkiLDFd.jpg
https://dermnetnz.org/topics/psoriasis-of-the-scalp-images/?stage=Live,Psoriasis of the scalp images,https://dermnetnz.org/assets/Uploads/3567__FocusFillWzE1MCwxMTAsInkiLDFd.jpg,icons/3567__FocusFillWzE1MCwxMTAsInkiLDFd.jpg
https://dermnetnz.org/topics/capillaritis-images/?stage=Live,Purpura annularis telangiectodes images,https://dermnetnz.org/assets/Uploads/2509__FocusFillWzE1MCwxMTAsIngiLDdd.jpg,icons/2509__FocusFillWzE1MCwxMTAsIngiLDdd.jpg
https://dermnetnz.org/topics/palmoplantar-pustulosis-images/?stage=Live,Pustular psoriasis of the hand and feet images,https://dermnetnz.org/assets/Uploads/ppps03-s__FocusFillWzE1MCwxMTAsIngiLDld.jpg,icons/ppps03-s__FocusFillWzE1MCwxMTAsIngiLDld.jpg
https://dermnetnz.org/image-catalogue/reactions-to-external-agent-images/?stage=Live,Reactions to external agent images,https://dermnetnz.org/assets/Uploads/cle1-s__FocusFillWzE1MCwxMTAsInkiLDFd.jpg,icons/cle1-s__FocusFillWzE1MCwxMTAsInkiLDFd.jpg
https://dermnetnz.org/topics/rhinophyma-images/?stage=Live,Rhinophyma images,https://dermnetnz.org/assets/Uploads/rhinophyma-03-s__FocusFillWzE1MCwxMTAsInkiLDFd.jpg,icons/rhinophyma-03-s__FocusFillWzE1MCwxMTAsInkiLDFd.jpg
https://dermnetnz.org/topics/basal-cell-carcinoma-affecting-the-ear-images/?stage=Live,Rodent ulcer affecting the ear images,https://dermnetnz.org/assets/Uploads/0692__FocusFillWzE1MCwxMTAsInkiLDFd.jpg,icons/0692__FocusFillWzE1MCwxMTAsInkiLDFd.jpg
https://dermnetnz.org/topics/basal-cell-carcinoma-affecting-the-eyelid-images/?stage=Live,Rodent ulcer affecting the eyelid images,https://dermnetnz.org/assets/Uploads/0633__FocusFillWzE1MCwxMTAsInkiLDIwXQ.jpg,icons/0633__FocusFillWzE1MCwxMTAsInkiLDIwXQ.jpg
https://dermnetnz.org/topics/basal-cell-carcinoma-affecting-the-face-images/?stage=Live,Rodent ulcer affecting the face images,https://dermnetnz.org/assets/Uploads/0616__FocusFillWzE1MCwxMTAsInkiLDIwXQ.jpg,icons/0616__FocusFillWzE1MCwxMTAsInkiLDIwXQ.jpg
https://dermnetnz.org/topics/basal-cell-carcinoma-affecting-the-nose-images/?stage=Live,Rodent ulcer affecting the nose images,https://dermnetnz.org/assets/Uploads/0629__FocusFillWzE1MCwxMTAsInkiLDIwXQ.jpg,icons/0629__FocusFillWzE1MCwxMTAsInkiLDIwXQ.jpg
https://dermnetnz.org/topics/basal-cell-carcinoma-affecting-the-trunk-images/?stage=Live,Rodent ulcer affecting the trunk images,https://dermnetnz.org/assets/Uploads/0653__FocusFillWzE1MCwxMTAsInkiLDFd.jpg,icons/0653__FocusFillWzE1MCwxMTAsInkiLDFd.jpg
https://dermnetnz.org/images/rosacea-images/?stage=Live,Rosacea images,https://dermnetnz.org/assets/Uploads/3618__FocusFillWzE1MCwxMTAsInkiLDFd.jpg,icons/3618__FocusFillWzE1MCwxMTAsInkiLDFd.jpg
https://dermnetnz.org/topics/roseola-images/?stage=Live,Roseola images,https://dermnetnz.org/assets/Uploads/roseola-001__FocusFillWzE1MCwxMTAsInkiLDFd.jpg,icons/roseola-001__FocusFillWzE1MCwxMTAsInkiLDFd.jpg
https://dermnetnz.org/topics/sjs-ten-images/?stage=Live,SJS-TEN images,https://dermnetnz.org/assets/Uploads/sjs-ten-trunk-148__FocusFillWzE1MCwxMTAsInkiLDFd.JPG,icons/sjs-ten-trunk-148__FocusFillWzE1MCwxMTAsInkiLDFd.JPG
https://dermnetnz.org/topics/systemic-lupus-erythematosus-images/?stage=Live,SLE images,https://dermnetnz.org/assets/Uploads/sle-07-s2__FocusFillWzE1MCwxMTAsInkiLDFd.jpg,icons/sle-07-s2__FocusFillWzE1MCwxMTAsInkiLDFd.jpg
https://dermnetnz.org/images/scabies-images/?stage=Live,Scabies images,https://dermnetnz.org/assets/Uploads/scabies28-s__FocusFillWzE1MCwxMTAsInkiLDFd.jpg,icons/scabies28-s__FocusFillWzE1MCwxMTAsInkiLDFd.jpg
https://dermnetnz.org/topics/scalp-folliculitis-images/?stage=Live,Scalp folliculitis images,https://dermnetnz.org/assets/Uploads/3664__FocusFillWzE1MCwxMTAsIngiLDRd.jpg,icons/3664__FocusFillWzE1MCwxMTAsIngiLDRd.jpg
https://dermnetnz.org/image-catalogue/scaly-skin-disease-images/?stage=Live,Scaly skin disease images,https://dermnetnz.org/assets/Uploads/darier-post-s__FocusFillWzE1MCwxMTAsInkiLDFd.jpg,icons/darier-post-s__FocusFillWzE1MCwxMTAsInkiLDFd.jpg
https://dermnetnz.org/topics/capillaritis-images/?stage=Live,Schamberg disease images,https://dermnetnz.org/assets/Uploads/2509__FocusFillWzE1MCwxMTAsIngiLDdd.jpg,icons/2509__FocusFillWzE1MCwxMTAsIngiLDdd.jpg
https://dermnetnz.org/topics/sebaceous-hyperplasia-images/?stage=Live,Sebaceous hyperplasia images,https://dermnetnz.org/assets/Uploads/3773__FocusFillWzE1MCwxMTAsInkiLDIwXQ.jpg,icons/3773__FocusFillWzE1MCwxMTAsInkiLDIwXQ.jpg
https://dermnetnz.org/topics/seborrhoeic-keratosis-dermoscopy-images/?stage=Live,Seborrhoeic keratosis dermoscopy images,https://dermnetnz.org/assets/Uploads/sebk-dermoscopy31-s__FocusFillWzE1MCwxMTAsInkiLDFd.jpg,icons/sebk-dermoscopy31-s__FocusFillWzE1MCwxMTAsInkiLDFd.jpg
https://dermnetnz.org/topics/seborrhoeic-keratosis-images/?stage=Live,Seborrhoeic keratosis images,https://dermnetnz.org/assets/Uploads/sebks21-s__FocusFillWzE1MCwxMTAsInkiLDFd.jpg,icons/sebks21-s__FocusFillWzE1MCwxMTAsInkiLDFd.jpg
https://dermnetnz.org/topics/shiitake-flagellate-dermatitis-images/?stage=Live,Shiitake flagellate dermatitis images,https://dermnetnz.org/assets/Uploads/shiitake-flagellate-erythema-3__FocusFillWzE1MCwxMTAsInkiLDFd.jpg,icons/shiitake-flagellate-erythema-3__FocusFillWzE1MCwxMTAsInkiLDFd.jpg
https://dermnetnz.org/image-catalogue/skin-pathology-images/?stage=Live,Skin pathology images,https://dermnetnz.org/assets/Uploads/igg4-related-3-sm__FocusFillWzE1MCwxMTAsInkiLDBd.jpg,icons/igg4-related-3-sm__FocusFillWzE1MCwxMTAsInkiLDBd.jpg
https://dermnetnz.org/image-catalogue/skin-signs-of-systemic-disease-images/?stage=Live,Skin signs of systemic disease images,https://dermnetnz.org/assets/Uploads/tuberous-sclerosis02-s__FocusFillWzE1MCwxMTAsInkiLDBd.jpg,icons/tuberous-sclerosis02-s__FocusFillWzE1MCwxMTAsInkiLDBd.jpg
https://dermnetnz.org/topics/skin-tag-images/?stage=Live,Skin tag images,https://dermnetnz.org/assets/Uploads/skintag03-s__FocusFillWzE1MCwxMTAsInkiLDFd.jpg,icons/skintag03-s__FocusFillWzE1MCwxMTAsInkiLDFd.jpg
https://dermnetnz.org/topics/actinic-keratosis-face-images/?stage=Live,Solar keratosis affecting the face images,https://dermnetnz.org/assets/Uploads/248__FocusFillWzE1MCwxMTAsInkiLDFd.jpg,icons/248__FocusFillWzE1MCwxMTAsInkiLDFd.jpg
https://dermnetnz.org/topics/actinic-keratosis-affecting-the-hand-images/?stage=Live,Solar keratosis affecting the hand images,https://dermnetnz.org/assets/Uploads/393__FocusFillWzE1MCwxMTAsInkiLDFd.jpg,icons/393__FocusFillWzE1MCwxMTAsInkiLDFd.jpg
https://dermnetnz.org/topics/actinic-keratosis-leg-and-foot-images/?stage=Live,Solar keratosis affecting the legs and feet images,https://dermnetnz.org/assets/Uploads/478__FocusFillWzE1MCwxMTAsInkiLDFd.jpg,icons/478__FocusFillWzE1MCwxMTAsInkiLDFd.jpg
https://dermnetnz.org/topics/actinic-keratosis-scalp-images/?stage=Live,Solar keratosis affecting the scalp images,https://dermnetnz.org/assets/Uploads/418__FocusFillWzE1MCwxMTAsInkiLDFd.jpg,icons/418__FocusFillWzE1MCwxMTAsInkiLDFd.jpg
https://dermnetnz.org/topics/actinic-keratosis-on-the-nose-images/?stage=Live,Solar keratosis on the nose images,https://dermnetnz.org/assets/Uploads/sks-nose3-s__FocusFillWzE1MCwxMTAsInkiLDFd.jpg,icons/sks-nose3-s__FocusFillWzE1MCwxMTAsInkiLDFd.jpg
https://dermnetnz.org/topics/actinic-keratosis-imiquimod-images/?stage=Live,Solar keratosis treated with imiquimod images,https://dermnetnz.org/assets/Uploads/3723__FocusFillWzE1MCwxMTAsInkiLDFd.jpg,icons/3723__FocusFillWzE1MCwxMTAsInkiLDFd.jpg
https://dermnetnz.org/topics/solar-lentigo-images/?stage=Live,Solar lentigo images,https://dermnetnz.org/assets/Uploads/solar-lentigo-11-s__FocusFillWzE1MCwxMTAsInkiLDBd.jpg,icons/solar-lentigo-11-s__FocusFillWzE1MCwxMTAsInkiLDBd.jpg
https://dermnetnz.org/topics/spa-pool-folliculitis-images/?stage=Live,Spa pool folliculitis images,https://dermnetnz.org/assets/Uploads/3796__FocusFillWzE1MCwxMTAsInkiLDFd.jpg,icons/3796__FocusFillWzE1MCwxMTAsInkiLDFd.jpg
https://dermnetnz.org/topics/spider-telangiectasis-images/?stage=Live,Spider naevus images,https://dermnetnz.org/assets/Uploads/spider-ang5-s2__FocusFillWzE1MCwxMTAsInkiLDFd.jpg,icons/spider-ang5-s2__FocusFillWzE1MCwxMTAsInkiLDFd.jpg
https://dermnetnz.org/topics/spider-telangiectasis-images/?stage=Live,Spider telangiectasis images,https://dermnetnz.org/assets/Uploads/spider-ang5-s__FocusFillWzE1MCwxMTAsInkiLDFd.jpg,icons/spider-ang5-s__FocusFillWzE1MCwxMTAsInkiLDFd.jpg
https://dermnetnz.org/topics/squamous-cell-carcinoma-of-limbs-images/?stage=Live,Squamous cell carcinoma of limbs images,https://dermnetnz.org/assets/Uploads/3958__FocusFillWzE1MCwxMTAsInkiLDFd.jpg,icons/3958__FocusFillWzE1MCwxMTAsInkiLDFd.jpg
https://dermnetnz.org/topics/squamous-cell-carcinoma-of-the-ear-images/?stage=Live,Squamous cell carcinoma of the ear images,https://dermnetnz.org/assets/Uploads/3936__FocusFillWzE1MCwxMTAsInkiLDFd.jpg,icons/3936__FocusFillWzE1MCwxMTAsInkiLDFd.jpg
https://dermnetnz.org/topics/squamous-cell-carcinoma-of-the-lip-images/?stage=Live,Squamous cell carcinoma of the lip images,https://dermnetnz.org/assets/Uploads/3930__FocusFillWzE1MCwxMTAsInkiLDIwXQ.jpg,icons/3930__FocusFillWzE1MCwxMTAsInkiLDIwXQ.jpg
https://dermnetnz.org/topics/squamous-cell-carcinoma-on-the-face-images/?stage=Live,Squamous cell carcinoma on the face images,https://dermnetnz.org/assets/Uploads/3938__FocusFillWzE1MCwxMTAsInkiLDIwXQ.jpg,icons/3938__FocusFillWzE1MCwxMTAsInkiLDIwXQ.jpg
https://dermnetnz.org/images/staphylococcal-scalded-skin-syndrome-images/?stage=Live,Staphylococcal scalded skin images,https://dermnetnz.org/assets/Uploads/ssss-029__FocusFillWzE1MCwxMTAsInkiLDZd.JPG,icons/ssss-029__FocusFillWzE1MCwxMTAsInkiLDZd.JPG
https://dermnetnz.org/topics/steroid-acne-images/?stage=Live,Steroid acne images,https://dermnetnz.org/assets/Uploads/steroid-acne-s__FocusFillWzE1MCwxMTAsInkiLDFd.jpg,icons/steroid-acne-s__FocusFillWzE1MCwxMTAsInkiLDFd.jpg
https://dermnetnz.org/?stage=Live,Subungual haemorrhage,https://dermnetnz.org/assets/Uploads/subungual-haematoma-5-v2__FocusFillWzE1MCwxMTAsInkiLDEyXQ.JPG,icons/subungual-haematoma-5-v2__FocusFillWzE1MCwxMTAsInkiLDEyXQ.JPG
https://dermnetnz.org/images/superficial-spreading-melanoma-images/?stage=Live,Superficial spreading melanoma images,https://dermnetnz.org/assets/Uploads/ssm42__FocusFillWzE1MCwxMTAsInkiLDFd.jpg,icons/ssm42__FocusFillWzE1MCwxMTAsInkiLDFd.jpg
https://dermnetnz.org/topics/supernumerary-nipple-images/?stage=Live,Supernumerary nipple images,https://dermnetnz.org/assets/Uploads/supernumerary-nipple-03-s__FocusFillWzE1MCwxMTAsInkiLDFd.jpg,icons/supernumerary-nipple-03-s__FocusFillWzE1MCwxMTAsInkiLDFd.jpg
https://dermnetnz.org/topics/syphilis-images/?stage=Live,Syphilis images,https://dermnetnz.org/assets/Uploads/syphilis-8__FocusFillWzE1MCwxMTAsInkiLDFd.JPG,icons/syphilis-8__FocusFillWzE1MCwxMTAsInkiLDFd.JPG
https://dermnetnz.org/topics/systemic-lupus-erythematosus-images/?stage=Live,Systemic lupus erythematosus images,https://dermnetnz.org/assets/Uploads/sle-07-s__FocusFillWzE1MCwxMTAsInkiLDFd.jpg,icons/sle-07-s__FocusFillWzE1MCwxMTAsInkiLDFd.jpg
https://dermnetnz.org/topics/tinea-corporis-images/?stage=Live,Tinea corporis images,https://dermnetnz.org/assets/Uploads/tincorp9-s__FocusFillWzE1MCwxMTAsInkiLDFd.jpg,icons/tincorp9-s__FocusFillWzE1MCwxMTAsInkiLDFd.jpg
https://dermnetnz.org/topics/tinea-pedis-images/?stage=Live,Tinea pedis images,https://dermnetnz.org/assets/Uploads/tinped13-s__FocusFillWzE1MCwxMTAsInkiLDFd.jpg,icons/tinped13-s__FocusFillWzE1MCwxMTAsInkiLDFd.jpg
https://dermnetnz.org/topics/transient-acantholytic-dermatosis-images/?stage=Live,Transient acantholytic dermatosis,https://dermnetnz.org/assets/Uploads/scaly/grover4__FocusFillWzE1MCwxMTAsInkiLDFd.jpg,icons/grover4__FocusFillWzE1MCwxMTAsInkiLDFd.jpg
https://dermnetnz.org/image-catalogue/treatment-images/?stage=Live,Treatment images,https://dermnetnz.org/assets/Uploads/adalimumab11-s__FocusFillWzE1MCwxMTAsInkiLDFd.jpg,icons/adalimumab11-s__FocusFillWzE1MCwxMTAsInkiLDFd.jpg
https://dermnetnz.org/topics/trichotillomania-images/?stage=Live,Trichotillomania images,https://dermnetnz.org/assets/Uploads/trichotillomania-6__FocusFillWzE1MCwxMTAsInkiLDFd.jpg,icons/trichotillomania-6__FocusFillWzE1MCwxMTAsInkiLDFd.jpg
https://dermnetnz.org/topics/tuberous-sclerosis-images/?stage=Live,Tuberous sclerosis images,https://dermnetnz.org/assets/Uploads/tuberous-sclerosis05-s__FocusFillWzE1MCwxMTAsInkiLDFd.jpg,icons/tuberous-sclerosis05-s__FocusFillWzE1MCwxMTAsInkiLDFd.jpg
https://dermnetnz.org/topics/ungual-squamous-cell-carcinoma-in-situ-images/?stage=Live,Ungual squamous cell carcinoma in situ images,https://dermnetnz.org/assets/Uploads/ungual-scc2-s__FocusFillWzE1MCwxMTAsInkiLDFd.jpg,icons/ungual-scc2-s__FocusFillWzE1MCwxMTAsInkiLDFd.jpg
https://dermnetnz.org/topics/urticaria-images/?stage=Live,Urticaria images,https://dermnetnz.org/assets/Uploads/urticaria7-s__FocusFillWzE1MCwxMTAsInkiLDFd.jpg,icons/urticaria7-s__FocusFillWzE1MCwxMTAsInkiLDFd.jpg
https://dermnetnz.org/topics/urticarial-vasculitis-images/?stage=Live,Urticarial vasculitis images,https://dermnetnz.org/assets/Uploads/3802-big2__FocusFillWzE1MCwxMTAsInkiLDFd.jpg,icons/3802-big2__FocusFillWzE1MCwxMTAsInkiLDFd.jpg
https://dermnetnz.org/topics/varicella-images/?stage=Live,Varicella images,https://dermnetnz.org/assets/Uploads/hzv-close-s__FocusFillWzE1MCwxMTAsInkiLDFd.jpg,icons/hzv-close-s__FocusFillWzE1MCwxMTAsInkiLDFd.jpg
https://dermnetnz.org/topics/vascular-malformation/?stage=Live,Vascular malformation images,https://dermnetnz.org/assets/Uploads/vascular-malformation13-s__FocusFillWzE1MCwxMTAsInkiLDBd.jpg,icons/vascular-malformation13-s__FocusFillWzE1MCwxMTAsInkiLDBd.jpg
https://dermnetnz.org/topics/vasculitis-images/?stage=Live,Vasculitis images,https://dermnetnz.org/assets/Uploads/2577__FocusFillWzE1MCwxMTAsInkiLDFd.jpg,icons/2577__FocusFillWzE1MCwxMTAsInkiLDFd.jpg
https://dermnetnz.org/topics/venous-lake-images/?stage=Live,Venous lake images,https://dermnetnz.org/assets/Uploads/ven-lake6-s__FocusFillWzE1MCwxMTAsInkiLDFd.jpg,icons/ven-lake6-s__FocusFillWzE1MCwxMTAsInkiLDFd.jpg
https://dermnetnz.org/image-catalogue/viral-skin-infections/?stage=Live,Viral skin infections images,https://dermnetnz.org/assets/Uploads/viral-wart-07-s__FocusFillWzE1MCwxMTAsInkiLDBd.jpg,icons/viral-wart-07-s__FocusFillWzE1MCwxMTAsInkiLDBd.jpg
https://dermnetnz.org/topics/viral-warts-images/?stage=Live,Viral warts images,https://dermnetnz.org/assets/Uploads/viral-wart-23-s__FocusFillWzE1MCwxMTAsInkiLDFd.jpg,icons/viral-wart-23-s__FocusFillWzE1MCwxMTAsInkiLDFd.jpg
https://dermnetnz.org/images/vitiligo-images/?stage=Live,Vitiligo images,https://dermnetnz.org/assets/Uploads/vitiligo4-s__FocusFillWzE1MCwxMTAsInkiLDFd.jpg,icons/vitiligo4-s__FocusFillWzE1MCwxMTAsInkiLDFd.jpg
https://dermnetnz.org/images/vulval-cancer-images/?stage=Live,Vulval cancer images,https://dermnetnz.org/assets/Uploads/ca-v1-s4__FocusFillWzE1MCwxMTAsIngiLDU2XQ.JPG,icons/ca-v1-s4__FocusFillWzE1MCwxMTAsIngiLDU2XQ.JPG
https://dermnetnz.org/images/vulval-erosive-lichen-planus-images/?stage=Live,Vulval erosive lichen planus images,https://dermnetnz.org/assets/Uploads/2388-small2__FocusFillWzE1MCwxMTAsIngiLDM4XQ.jpg,icons/2388-small2__FocusFillWzE1MCwxMTAsIngiLDM4XQ.jpg
https://dermnetnz.org/topics/vulval-intraepithelial-neoplasia-images/?stage=Live,Vulval intraepithelial neoplasia images,https://dermnetnz.org/assets/Uploads/vin3-s__FocusFillWzE1MCwxMTAsInkiLDM0XQ.jpg,icons/vin3-s__FocusFillWzE1MCwxMTAsInkiLDM0XQ.jpg
https://dermnetnz.org/images/genital-lichen-planus-images/?stage=Live,Vulval lichen planus images,https://dermnetnz.org/assets/Uploads/2381-s3__FocusFillWzE1MCwxMTAsInkiLDEwXQ.jpg,icons/2381-s3__FocusFillWzE1MCwxMTAsInkiLDEwXQ.jpg
https://dermnetnz.org/topics/vulval-lichen-sclerosus-images/?stage=Live,Vulval lichen sclerosus images,https://dermnetnz.org/assets/Uploads/074__FocusFillWzE1MCwxMTAsIngiLDI2XQ.jpg,icons/074__FocusFillWzE1MCwxMTAsIngiLDI2XQ.jpg
https://dermnetnz.org/topics/vulval-ulcer-images/?stage=Live,Vulval ulcer images,https://dermnetnz.org/assets/Uploads/vulval-ulcer2-small2__FocusFillWzE1MCwxMTAsInkiLDFd.jpg,icons/vulval-ulcer2-small2__FocusFillWzE1MCwxMTAsInkiLDFd.jpg
https://dermnetnz.org/topics/vulvovaginal-candidiasis-images/?stage=Live,Vulvovaginal candidiasis images,https://dermnetnz.org/assets/Uploads/candida2-s__FocusFillWzE1MCwxMTAsInkiLDE2XQ.jpg,icons/candida2-s__FocusFillWzE1MCwxMTAsInkiLDE2XQ.jpg
https://dermnetnz.org/topics/xanthelasma-images/?stage=Live,Xanthelasma images,https://dermnetnz.org/assets/Uploads/xanthelasma29-s__FocusFillWzE1MCwxMTAsInkiLDFd.jpg,icons/xanthelasma29-s__FocusFillWzE1MCwxMTAsInkiLDFd.jpg
https://dermnetnz.org/topics/xeroderma-pigmentosum-images/?stage=Live,Xeroderma pigmentosum images,https://dermnetnz.org/assets/Uploads/xeroderma-pigmentosum-18__FocusFillWzE1MCwxMTAsInkiLDFd.jpg,icons/xeroderma-pigmentosum-18__FocusFillWzE1MCwxMTAsInkiLDFd.jpg
